[
  {
    "name": "pe.banco.aprobacion.model.SolicitudCredito",
    "allDeclaredConstructors": true,
    "allPublicConstructors": true,
    "allDeclaredMethods": true,
    "allPublicMethods": true,
    "allDeclaredFields": true,
    "allPublicFields": true
  },
  {
    "name": "pe.banco.aprobacion.model.ResultadoEvaluacion",
    "allDeclaredConstructors": true,
    "allPublicConstructors": true,
    "allDeclaredMethods": true,
    "allPublicMethods": true,
    "allDeclaredFields": true,
    "allPublicFields": true
  },
  {
    "name": "pe.banco.aprobacion.model.FactoresRiesgo",
    "allDeclaredConstructors": true,
    "allPublicConstructors": true,
    "allDeclaredMethods": true,
    "allPublicMethods": true,
    "allDeclaredFields": true,
    "allPublicFields": true
  },
  {
    "name": "java.math.BigDecimal",
    "allDeclaredConstructors": true,
    "allPublicConstructors": true,
    "allDeclaredMethods": true,
    "allPublicMethods": true
  },
  {
    "name": "java.time.LocalDateTime",
    "allDeclaredConstructors": true,
    "allPublicConstructors": true,
    "allDeclaredMethods": true,
    "allPublicMethods": true
  },
  {
    "name": "java.util.ArrayList",
    "allDeclaredConstructors": true,
    "allPublicConstructors": true
  },
  {
    "name": "java.util.HashMap",
    "allDeclaredConstructors": true,
    "allPublicConstructors": true
  }
]
